Genotype,HA,NA,PB2,PB1,PA,NP,MP,NS
G0000,0,0,2,3,1,1,1,3
G0001,1,2,1,1,2,1,1,3.2
G0002,2,3,2,1,2,1,1,1
G0003,3,2,1,1,2,1,3.1,2
G0004,3,2,3.2,4.4,3.1,2.3,3.5,3.4
G0005,3,2,3.2,4.4,3.1,2.4,3.5,3.4
G0006,3,3,1,1,2,1,3.1,2
G0007,3,3,1,1,3,1,1,2
G0008,3,3,1,1,3,1,2,2
G0009,3,3,3,4.12,3.3,2.5.4,3.1,3.4
G0010,3,3,3,4.12,3.3,2.5.5,3.1,3.4
G0011,3,3,3.2,4.4,3.1,2.4,3.6,3.4
G0012,3,3,3.3,4,3.3,2.5.4,3.1,3.4
G0013,3,3,3.3,4.12,3.3,2.5.4,3.1,3.4
G0014,3,3,3.3,4.12,3.3,2.5.5,3.1,3.4
G0015,3,3,3.3,4.9,3.3,2.5.4,3.1,3.4
G0016,3,3,3.3,4.9,3.3,2.5.4,3.9,3.4
G0017,3,3,3.4,4.12,3.3,2.5.3,3.1,3.4
G0018,3,3,3.4,4.12,3.3,2.5.4,3.7,3.3
G0019,3,4.7,3.4,4,3.3,2.5.4,3.1,3.4
G0020,3,4.7,3.4,4,3.3,2.5.6,3.1,3.3
G0021,3,4.7,3.4,4.12,3.3,2.5.4,3.1,3.3
G0022,3,4.7,3.4,4.12,3.3,2.5.6,3.1,3.3
G0023,3,4.7,3.4,4.12,3.3,2.5.6,3.7,3.3
G0024,3,4.7.12,3.4,4,3.3,2.5.3,3.7,3.3
G0025,3,4.7.12,3.4,4.12,3.3,2.5.6,3.8,3.3
G0026,3,4.7.7,3,4.12,3.3,2.5.4,3.1,3.4
G0027,3,4.7.7,3.3,4.12,3.3,2.5.4,3.1,3.4
G0028,3,4.7.7,3.3,4.12,3.3,2.5.4,3.9,3.4
G0029,3,4.7.7,3.3,4.12,3.3,2.5.6,3.1,3.4
G0030,3,4.7.7,3.3,4.9,3.3,2.5.4,3.1,3.4
G0031,3,4.7.7,3.3,4.9,3.3,2.5.4,3.9,3.4
G0032,3,4.7.7,3.4,4,3.3,2.5.4,3.1,3.3
G0033,3,4.7.7,3.4,4,3.3,2.5.4,3.1,3.4
G0034,3,4.7.7,3.4,4,3.3,2.5.6,3.1,3.3
G0035,3,4.7.7,3.4,4.12,3.3,2.5.2,3.1,3.4
G0036,4,0,1,1,1,1,1,3.1
G0037,4,1,2,3,2,2.1,1,3.2
G0038,4,1,2,3,2,2.1,3.2,3.2
G0039,4,1,2,3,2,2.1,3.2,3.4
G0040,4,1,2,3,3,2.1,1,3
G0041,4,1,3,3,2,2,3.1,3.2
G0042,4,1,3,3,2,2.1,3.1,3.2
G0043,4,4,1,3,1,1,1,3.1
G0044,4,4,2,3,1,1,1,3
G0045,4,4,2,3,1,1,1,3.1
G0046,4,4,2,3,2,2.3,3.2,3.2
G0047,4,4.1,2,3,1,1,1,3.2
G0048,4,4.3,2,4,3,2.5,1,3
G0049,4,4.3,2,4.1,3,2.5,3.3,3
G0050,4,4.3,2,4.1,3,2.5,3.3,3.4
G0051,4,4.4,2,4,1,2.4,1,3.4
G0052,4,4.4,2,4,3,1,1,3.4
G0053,4,4.4,2,4,3,2.4,1,3.4
G0054,4,4.4,2,4,3,2.4,3,3.4
G0055,4,4.4,2,4,3,2.4,3.2,3.3
G0056,4,4.4,2,4,3,2.4,3.2,3.4
G0057,4,4.4,2,4,3,2.4,3.3,3
G0058,4,4.4,2,4,3,2.4,3.3,3.4
G0059,4,4.4,2,4,3,2.4,3.7,3.4
G0060,4,4.4,2,4,3,2.5,3.3,3
G0061,4,4.4,2,4,3,2.5,3.3,3.4
G0062,4,4.4,2,4.1,2,2.5,3.3,3.2
G0063,4,4.4,2,4.2,3,2.4,1,3.4
G0064,4,4.4,2,4.2,3,2.4,3.3,3.4
G0065,4,4.4,3,4,3,2.4,3,3.4
G0066,4,4.4,3,4,3,2.4,3.3,3.3
G0067,4,4.4,3,4.1,3,2.4,3.2,3.4
G0068,4,4.4,3.1,4,3,2.4,3.3,3.3
G0069,4,4.4,3.2,4,3,2.5,3,3.2
G0070,4,4.4,3.2,4.4,3.1,2.4,3.5,3.4
G0071,4.1,1,1,1,1,1,1,3.1
G0072,4.1,1,1,1,1,2.2,1,3
G0073,4.1,1,2,3,1,1,1,3.2
G0074,4.1,1,2,3,2,2.1,1,3.2
G0075,4.1,1,2,3,2,2.1,3.2,3.2
G0076,4.1,1,2,3,2,2.1,3.4,3.2
G0077,4.1,4,2,3,1,1,1,3
G0078,4.1,4,2,3,1,1,1,3.1
G0079,4.1,4,2,3,2,1,1,3.2
G0080,4.1,4,2,3,2,2.1,1,3
G0081,4.1,4,2,3,2,2.1,1,3.2
G0082,4.1,4,2,3,3,1,1,3
G0083,4.1,4,3,1,3.1,2.5,3,3.4
G0084,4.1,4,3.2,4.4,3.1,2.4,3.5,3.4
G0085,4.1,4.1,2,3,3,2,1,3
G0086,4.1,4.4,2,4,3,2.5,3.3,3
G0087,4.1,4.4,3,4,3,2.4,3,3.4
G0088,4.1,4.4,3,4,3,2.4,3.5,3.4
G0089,4.1,4.4,3.2,4,3,2.4,3.5,3.4
G0090,4.1,4.4,3.2,4.4,3.1,2.4,3,3.4
G0091,4.1,4.4,3.2,4.4,3.1,2.4,3.5,3.4
G0092,4.1,4.5,3.2,4.4,3.1,2.4,3,3.4
G0093,4.1,4.6,3.2,4.4,3.1,2.4,3.5,3.4
G0094,4.1,4.7,3.8.2,4.1,3.5,2.4,3.7,3.3
G0095,4.1,4.6.1,3.2,4.4,3.1,2.4,3.5,3.4
G0096,4.1,4.6.2,3.2,4.4,3.1,2.4,3.5,3.4
G0097,4.1,4.6.3,3.2,4.4,3.1,2.2,3.5,3.4
G0098,4.1,4.6.3,3.2,4.4,3.1,2.4,3,3.4
G0099,4.1,4.6.3,3.2,4.4,3.1,2.4,3.5,3.4
G0100,4.1,4.6.4,3.2,4.4,3,2.4,3.9,3.4
G0101,4.1,4.6.5,3.2,4.4,3.1,2.4,3.5,3.4
G0102,4.1,4.6.5,3.2,4.4,3.1,2.4,3.6,3.4
G0103,4.1,4.7.1,3.2,4.4,3.1,2.4,3.5,3.4
G0104,4.2,4,1,1,3,1,1,2
G0105,4.2,4,2,3,2,1,1,3.2
G0106,4.2,4,2,3,3,1,1,3.1
G0107,4.2,4,2,4,3,2.2,1,3
G0108,4.2,4.2,1,1,3,2.2,1,3
G0109,4.2,4.2,2,1,3,2.2,1,3
G0110,4.2,4.4,2,4,3,2,3.3,3.1
G0111,4.3,4.1,2,3,1,1,1,3
G0112,4.3,4.1,2,3,3,2,1,3
G0113,4.3,4.1,2,4,3,2,1,1
G0114,4.3,4.1,2,4,3,2,1,3.1
G0115,4.4,1,2,3,2,2.1,3.3,3.2
G0116,4.4,1,3,4,3,2.1,3.3,3.4
G0117,4.4,4,2,3,2,2.1,3.2,3.2
G0118,4.4,4,2,4,3,2.3,3.4,3.2
G0119,4.4,4.3,3.1,4.1,3,2.5,3.3,3
G0120,4.4,4.4,2,4.1,3,2.4,3.3,3
G0121,4.4,4.4,2,4.1,3,2.5,3.3,3.3
G0122,4.4,4.4,3,4,3,2.4,3,3.4
G0123,4.4,4.4,3.1,4,3,2.5,3.3,3
G0124,4.4,4.5,2,4,3,2.4,3.3,3.3
G0125,4.4,4.5,2,4,3,2.5,3.3,3.3
G0126,4.4,4.5,3,4,3.1,2.5,3,3.4
G0127,4.4,4.5,3.2,4,3.1,2.5,3,3.4
G0128,4.5,1,3,4,2,2.4,3,3.4
G0129,4.5,4.4,2,4,3,2.4,3,3.4
G0130,4.5,4.4,3,4,3,2.4,3,3.4
G0131,4.5,4.4,3,4,3,2.4,3.3,3.4
G0132,4.5,4.4,3,4,3.1,2.4,3,3.4
G0133,4.5,4.4,3.1,4,3,2.5,3,3.3
G0134,4.5,4.4,3.1,4,3,2.5,3,3.4
G0135,4.5,4.4,3.1,4.1,3,2.5,3,3.3
G0136,4.5,4.4,3.2,4,3,2.4,3,3.4
G0137,4.5,4.4,3.3,4,3,2.4,3.6,3.4
G0138,4.5,4.4,3.3,4.3,3,2.5,3,3.4
G0139,4.5,4.5,2,4.1,3,2.5,3.6,3.3
G0140,4.5,4.5,3,4,3.1,2.4,3,3.4
G0141,4.5,4.5,3.2,4,3,2.4,3,3.4
G0142,4.5,4.5,3.2,4,3.1,2.5,3,3.4
G0143,4.6,1,3.2,4,3.2,2.5.3,3,3.4
G0144,4.6,1,3.3,4,3.3,2.4,3.9,3.3
G0145,4.6,1,3.3,4,3.3,2.4,3.9,3.4
G0146,4.6,3,3.4,4.12,3.3,2.5.4,3.7,3.3
G0147,4.6,4,3,4,3.4,2.4,3.7,3.3
G0148,4.6,4.1,2,4,3,2,1,1
G0149,4.6,4.3,3,4,3.2,2.4,3.6,3.3
G0150,4.6,4.3,3,4.1,3.2,2.4,3,3.3
G0151,4.6,4.3,3,4.9,3,2.4,3,3.3
G0152,4.6,4.4,2,4,3,2.4,1,3.4
G0153,4.6,4.4,2,4,3,2.4,3,3.3
G0154,4.6,4.4,2,4,3,2.4,3,3.4
G0155,4.6,4.4,3,4,3,2.4,3,3.3
G0156,4.6,4.4,3,4,3,2.4,3,3.4
G0157,4.6,4.4,3,4,3,2.4,3.2,3.4
G0158,4.6,4.4,3,4,3,2.4,3.6,3.4
G0159,4.6,4.4,3,4,3,2.4,3.7,3.4
G0160,4.6,4.4,3,4,3,2.5,3,3.4
G0161,4.6,4.4,3,4,3.1,2.4,3,3.4
G0162,4.6,4.4,3,4,3.2,2.4,3,3.4
G0163,4.6,4.4,3,4,3.3,2.4,3.7,3.4
G0164,4.6,4.4,3,4.1,3.2,2.4,3,3.4
G0165,4.6,4.4,3,4.3,3,2.4,3,3.4
G0166,4.6,4.4,3,4.3,3,2.5,3,3.3
G0167,4.6,4.4,3,4.3,3.2,2.4,3,3.4
G0168,4.6,4.4,3,4.9,3,2.4,3,3.4
G0169,4.6,4.4,3,4.9,3,2.4,3.6,3.4
G0170,4.6,4.4,3,4.9,3,2.4,3.7,3.3
G0171,4.6,4.4,3,4.9,3,2.4,3.7,3.4
G0172,4.6,4.4,3,4.9,3.2,2.4,3,3.3
G0173,4.6,4.4,3,4.9,3.2,2.4,3,3.4
G0174,4.6,4.4,3,4.9,3.2,2.4,3.6,3.4
G0175,4.6,4.4,3,4.9,3.3,2.5,3,3.4
G0176,4.6,4.4,3.1,4,3,2.4,3,3.3
G0177,4.6,4.4,3.1,4,3,2.4,3,3.4
G0178,4.6,4.4,3.1,4,3,2.5,3.7,3.3
G0179,4.6,4.4,3.1,4,3,2.5,3.8,3.4
G0180,4.6,4.4,3.1,4,3.2,2.5,3,3.4
G0181,4.6,4.4,3.2,4,3,2.4,3,3.4
G0182,4.6,4.4,3.2,4,3.1,2.4,3,3.4
G0183,4.6,4.4,3.2,4.4,3,2.4,3,3.4
G0184,4.6,4.4,3.3,4,3,2.4,3,3.4
G0185,4.6,4.4,3.3,4.9,3,2.4,3,3.4
G0186,4.6,4.5,3,4,3,2.4,3.6,3.3
G0187,4.6,4.5,3,4,3,2.4,3.7,3.4
G0188,4.6,4.5,3,4,3.2,2.4,3,3.3
G0189,4.6,4.5,3,4,3.2,2.4,3.7,3.3
G0190,4.6,4.5,3,4,3.2,2.4,3.7,3.4
G0191,4.6,4.5,3,4,3.2,2.5,3.7,3.4
G0192,4.6,4.5,3,4.1,3.2,2.4,3,3.4
G0193,4.6,4.5,3,4.14,3.2,2.4,3.7,3.4
G0194,4.6,4.5,3,4.9,3,2.4,3,3.4
G0195,4.6,4.5,3,4.9,3,2.4,3.7,3.4
G0196,4.6,4.5,3,4.9,3.2,2.5,3.7,3.3
G0197,4.6,4.5,3,4.9,3.3,2.5,3,3.4
G0198,4.6,4.5,3.3,4,3,2.4,3,3.3
G0199,4.6,4.5,3.3,4,3,2.4,3,3.4
G0200,4.6,4.5,3.3,4,3,2.4,3.7,3.3
G0201,4.6,4.5,3.3,4,3,2.4,3.7,3.4
G0202,4.6,4.5,3.3,4,3.2,2.4,3,3.3
G0203,4.6,4.5,3.3,4,3.2,2.4,3.7,3.4
G0204,4.6,4.5,3.3,4.1,3.2,2.4,3,3.4
G0205,4.6,4.5,3.3,4.1,3.2,2.4,3.7,3.4
G0206,4.6,4.5,3.3,4.14,3.4,2.4,3.7,3.3
G0207,4.6,4.6,3,4,3,2.5,3.7,3.4
G0208,4.6,4.6,3,4.6,3,2.5,3.7,3.3
G0209,4.6,4.6,3.2,4,3.1,2.4,3.5,3.4
G0210,4.6,4.6,3.3,4,3,2.4,3.6,3.4
G0211,4.6,4.6,3.3,4,3.2,2.4,3.7,3.4
G0212,4.6,4.6,3.4,4.5,3,2.5.4,3.6,3.4
G0213,4.6,4.7,3,4,3,2.4,3.7,3.3
G0214,4.6,4.7,3,4,3,2.4,3.7,3.4
G0215,4.6,4.7,3,4,3.2,2.4,3,3.3
G0216,4.6,4.7,3,4,3.4,2.5.5,3.7,3.3
G0217,4.6,4.7,3,4.1,3.4,2.4,3.7,3.3
G0218,4.6,4.7,3,4.14,3.4,2.4,3.7,3.4
G0219,4.6,4.7,3,4.4,3,2.4,3,3.3
G0220,4.6,4.7,3,4.4,3,2.4,3,3.4
G0221,4.6,4.7,3,4.6,3,2.5.2,3.8,3.4
G0222,4.6,4.7,3,4.9,3,2.4,3.7,3.4
G0223,4.6,4.7,3.2,4.4,3.3,2.5.1,3,3.3
G0224,4.6,4.7,3.3,4,3,2.4,3.6,3.3
G0225,4.6,4.7,3.3,4,3,2.4,3.7,3.3
G0226,4.6,4.7,3.3,4,3,2.4,3.7,3.4
G0227,4.6,4.7,3.3,4,3,2.5.4,3.7,3.3
G0228,4.6,4.7,3.3,4,3.1,2.4,3.5,3.3
G0229,4.6,4.7,3.3,4,3.2,2.4,3.7,3.3
G0230,4.6,4.7,3.3,4,3.4,2.4,3.7,3.3
G0231,4.6,4.7,3.3,4,3.4,2.5.5,3.7,3.3
G0232,4.6,4.7,3.3,4.1,3,2.4,3.7,3.3
G0233,4.6,4.7,3.3,4.1,3.4,2.4,3.7,3.3
G0234,4.6,4.7,3.3,4.13,3,2.4,3.7,3.3
G0235,4.6,4.7,3.3,4.14,3.2,2.4,3.7,3.3
G0236,4.6,4.7,3.3,4.14,3.4,2.4,3.7,3.3
G0237,4.6,4.7,3.3,4.6,3.4,2.4,3.7,3.3
G0238,4.6,4.7,3.4,4,3.3,2.5.3,3.7,3.3
G0239,4.6,4.7,3.4,4,3.3,2.5.4,3.9,3.3
G0240,4.6,4.7,3.4,4.12,3.3,2.4,3.7,3.4
G0241,4.6,4.7,3.4,4.12,3.3,2.5.3,3.1,3.3
G0242,4.6,4.7,3.4,4.12,3.3,2.5.3,3.7,3.3
G0243,4.6,4.7,3.4,4.12,3.3,2.5.4,3.7,3.3
G0244,4.6,4.7,3.4,4.4,3.3,2.4,3,3.4
G0245,4.6,4.7,3.4,4.4,3.3,2.4,3.7,3.4
G0246,4.6,4.7,3.4,4.4,3.3,2.5.4,3.7,3.4
G0247,4.6,4.7,3.6,4.5,3.5,2.5.6,3.7,3.3
G0248,4.6,4.7,3.6,4.5,3.5,2.5.6,3.8,3.3
G0249,4.6,4.7,3.6,4.7,3.2,2.4,3,3.4
G0250,4.6,4.7,3.7,4.12,3.5,2.5.4,3.8,3.3
G0251,4.6,4.7,3.7,4.5,3.5,2.5.2,3.8,3.3
G0252,4.6,4.7,3.7,4.5,3.5,2.5.6,3.7,3.3
G0253,4.6,4.7,3.7,4.5,3.5,2.5.6,3.8,3.3
G0254,4.6,4.7,3.8,4,3.4,2.5.5,3.7,3.4
G0255,4.6,4.7,3.8,4.14,3.5,2.5.6,3.8,3.3
G0256,4.6,4.7,3.8,4.5,3.5,2.5.6,3.7,3.3
G0257,4.6,4.7,3.8,4.5,3.5,2.5.6,3.8,3.3
G0258,4.6,4.7,3.8.1,4.12,3.4,2.4,3.7,3.3
G0259,4.6,4.7,3.8.1,4.6,3.4,2.5.5,3.7,3.3
G0260,4.6,4.7,3.8.2,4.13,3.4,2.4,3.7,3.3
G0261,4.6,4.7,3.8.2,4.13,3.4,2.5.5,3.7,3.3
G0262,4.6,4.7,3.8.3,4.1,3,2.5.5,3.7,3.3
G0263,4.6,4.7,3.8.3,4.13,3.4,2.5.5,3.7,3.3
G0264,4.6,4.6.1,3.2,4,3,2.4,3.7,3.4
G0265,4.6,4.6.1,3.3,4,3.2,2.4,3.5,3.3
G0266,4.6,4.6.10,3,4,3,2.5.3,3,3.4
G0267,4.6,4.6.10,3,4,3,2.5.4,3,3.4
G0268,4.6,4.6.10,3,4,3.4,2.4,3,3.4
G0269,4.6,4.6.10,3,4,3.4,2.5,3.7,3.4
G0270,4.6,4.6.10,3,4.5,3,2.5.3,3,3.4
G0271,4.6,4.6.10,3,4.6,3,2.5,3,3.3
G0272,4.6,4.6.10,3,4.6,3.4,2.5,3,3.3
G0273,4.6,4.6.10,3,4.6,3.4,2.5,3,3.4
G0274,4.6,4.6.10,3,4.6,3.4,2.5,3.1,3.3
G0275,4.6,4.6.10,3,4.9,3.4,2.5,3,3.4
G0276,4.6,4.6.10,3.3,4,3,2.5.4,3.7,3.4
G0277,4.6,4.6.10,3.4,4,3,2.5,3,3.4
G0278,4.6,4.6.10,3.4,4,3,2.5,3.7,3.3
G0279,4.6,4.6.2,3.2,4.4,3.1,2.4,3.6,3.4
G0280,4.6,4.6.2,3.2,4.4,3.1,2.5.1,3.6,3.4
G0281,4.6,4.6.2,3.2,4.9,3.2,2.4,3.6,3.3
G0282,4.6,4.6.3,3,4.4,3.3,2.5,3,3.4
G0283,4.6,4.6.3,3,4.6,3.3,2.5,3,3.3
G0284,4.6,4.6.3,3,4.9,3.3,2.5,3,3.4
G0285,4.6,4.6.4,3.2,4,3.1,2.4,3.5,3.3
G0286,4.6,4.6.4,3.2,4,3.1,2.4,3.5,3.4
G0287,4.6,4.6.5,3,4,3,2.4,3.6,3.4
G0288,4.6,4.6.5,3,4.11,3.5,2.5,3.7,3.4
G0289,4.6,4.6.5,3,4.4,3.3,2.4,3.6,3.4
G0290,4.6,4.6.5,3,4.4,3.3,2.5.4,3.6,3.3
G0291,4.6,4.6.5,3,4.4,3.3,2.5.4,3.6,3.4
G0292,4.6,4.6.5,3,4.9,3,2.4,3.6,3.4
G0293,4.6,4.6.5,3,4.9,3.2,2.4,3,3.4
G0294,4.6,4.6.5,3.2,4.4,3.1,2.4,3.6,3.3
G0295,4.6,4.6.5,3.2,4.4,3.1,2.4,3.6,3.4
G0296,4.6,4.6.5,3.2,4.4,3.1,2.4,3.9,3.3
G0297,4.6,4.6.5,3.2,4.4,3.1,2.4,3.9,3.4
G0298,4.6,4.6.5,3.2,4.4,3.2,2.4,3,3.3
G0299,4.6,4.6.5,3.2,4.4,3.2,2.4,3.6,3.3
G0300,4.6,4.6.5,3.2,4.4,3.2,2.4,3.9,3.3
G0301,4.6,4.6.5,3.2,4.9,3.1,2.4,3.6,3.4
G0302,4.6,4.6.5,3.2,4.9,3.1,2.4,3.7,3.3
G0303,4.6,4.6.5,3.2,4.9,3.2,2.4,3,3.4
G0304,4.6,4.6.5,3.2,4.9,3.2,2.4,3.6,3.3
G0305,4.6,4.6.5,3.2,4.9,3.2,2.4,3.7,3.3
G0306,4.6,4.6.5,3.2,4.9,3.3,2.4,3.6,3.4
G0307,4.6,4.6.5,3.3,4,3,2.5.2,3.6,3.3
G0308,4.6,4.6.5,3.3,4,3.2,2.5,3.6,3.3
G0309,4.6,4.6.5,3.4,4,3.3,2.5,3.6,3.3
G0310,4.6,4.6.5,3.4,4,3.3,2.5,3.6,3.4
G0311,4.6,4.6.5,3.4,4,3.3,2.5,3.7,3.4
G0312,4.6,4.6.5,3.4,4.4,3.3,2.5.4,3,3.4
G0313,4.6,4.6.6,3,4,3.2,2.4,3.7,3.3
G0314,4.6,4.6.6,3,4.6,3,2.5,3.7,3.4
G0315,4.6,4.6.6,3,4.6,3.5,2.5,3,3.3
G0316,4.6,4.6.6,3,4.6,3.5,2.5.4,3,3.3
G0317,4.6,4.6.6,3,4.9,3.2,2.5,3,3.3
G0318,4.6,4.6.6,3.3,4,3,2.5,3,3.3
G0319,4.6,4.6.6,3.3,4,3,2.5,3.7,3.4
G0320,4.6,4.6.6,3.3,4,3.3,2.5.3,3,3.4
G0321,4.6,4.6.6,3.7,4,3,2.5,3.8,3.3
G0322,4.6,4.6.6,3.7,4,3,2.5.2,3.8,3.3
G0323,4.6,4.6.6,3.7,4.5,3,2.5.5,3.7,3.3
G0324,4.6,4.6.6,3.7,4.6,3,2.5.2,3,3.3
G0325,4.6,4.6.6,3.7,4.6,3,2.5.2,3.7,3.3
G0326,4.6,4.6.6,3.8,4.12,3.5,2.4,3.7,3.3
G0327,4.6,4.6.6,3.8,4.12,3.5,2.5.5,3.7,3.3
G0328,4.6,4.6.6,3.8,4.6,3.5,2.4,3.7,3.3
G0329,4.6,4.6.7,3,4.2,3.3,2.5.1,3,3.4
G0330,4.6,4.6.7,3,4.4,3,2.4,3.7,3.4
G0331,4.6,4.6.7,3,4.4,3.3,2.5.1,3,3.4
G0332,4.6,4.6.7,3.2,4.4,3.3,2.5.1,3,3.3
G0333,4.6,4.6.8,3,4,3,2.4,3,3.3
G0334,4.6,4.6.8,3,4,3,2.5,3.1,3.3
G0335,4.6,4.6.8,3,4,3,2.5.2,3,3.3
G0336,4.6,4.6.8,3,4,3,2.5.4,3,3.3
G0337,4.6,4.6.8,3,4,3.1,2.5.4,3.6,3.3
G0338,4.6,4.6.8,3,4.13,3,2.5.2,3,3.3
G0339,4.6,4.6.8,3,4.6,3,2.5,3.1,3.3
G0340,4.6,4.6.8,3,4.6,3,2.5.3,3.8,3.3
G0341,4.6,4.6.8,3,4.6,3,2.5.5,3,3.3
G0342,4.6,4.6.8,3,4.6,3,2.5.6,3.1,3.3
G0343,4.6,4.6.8,3,4.6,3.4,2.5,3.1,3.3
G0344,4.6,4.6.8,3.3,4,3.3,2.5.1,3.7,3.3
G0345,4.6,4.6.8,3.3,4.6,3.4,2.5,3.1,3.3
G0346,4.6,4.6.8,3.3,4.6,3.4,2.5,3.7,3.4
G0347,4.6,4.6.8,3.4,4.12,3.3,2.5.3,3.9,3.3
G0348,4.6,4.6.8,3.4,4.12,3.3,2.5.4,3.7,3.3
G0349,4.6,4.6.8,3.7,4,3,2.4,3,3.3
G0350,4.6,4.6.8,3.7,4,3,2.5.2,3,3.3
G0351,4.6,4.6.8,3.7,4.5,3.3,2.5.3,3,3.3
G0352,4.6,4.6.8,3.7,4.5,3.3,2.5.3,3.7,3.3
G0353,4.6,4.6.8,3.7,4.6,3,2.5.2,3,3.3
G0354,4.6,4.6.8,3.8.2,4.6,3.5,2.5.6,3.7,3.3
G0355,4.6,4.6.9,3,4,3,2.4,3.7,3.4
G0356,4.6,4.6.9,3,4,3,2.5,3,3.4
G0357,4.6,4.6.9,3,4,3,2.5.3,3.7,3.4
G0358,4.6,4.6.9,3,4,3,2.5.4,3,3.3
G0359,4.6,4.6.9,3,4,3,2.5.4,3,3.4
G0360,4.6,4.6.9,3,4,3.4,2.5.4,3.6,3.3
G0361,4.6,4.6.9,3,4,3.5,2.5.4,1,3.4
G0362,4.6,4.6.9,3.4,4,3,2.5.4,3,3.3
G0363,4.6,4.6.9,3.4,4.8,3,2.5.3,3.8,3.3
G0364,4.6,4.7.1,3,4.4,3.1,2.4,3.5,3.4
G0365,4.6,4.7.1,3,4.9,3.2,2.4,3,3.3
G0366,4.6,4.7.1,3,4.9,3.2,2.4,3,3.4
G0367,4.6,4.7.1,3.2,4.4,3.1,2.4,3.1,3.4
G0368,4.6,4.7.1,3.2,4.4,3.1,2.4,3.5,3.4
G0369,4.6,4.7.1,3.2,4.4,3.1,2.4,3.6,3.4
G0370,4.6,4.7.10,3.8,4.5,3.5,2.5.2,3.8,3.3
G0371,4.6,4.7.12,3.4,4.12,3,2.5.6,3.8,3.3
G0372,4.6,4.7.12,3.4,4.12,3.3,2.5.3,3.1,3.3
G0373,4.6,4.7.12,3.4,4.12,3.3,2.5.6,3.8,3.3
G0374,4.6,4.7.12,3.7,4.12,3.3,2.5.3,3.8,3.3
G0375,4.6,4.7.13,3.6,4.13,3.5,2.5.6,3.8,3.3
G0376,4.6,4.7.13,3.6,4.5,3.5,2.5.6,3.7,3.3
G0377,4.6,4.7.13,3.8.2,4.13,3.5,2.5.6,3.8,3.3
G0378,4.6,4.7.14,3.6,4.1,3.5,2.5.6,3.8,3.3
G0379,4.6,4.7.14,3.6,4.13,3.5,2.5.6,3.8,3.3
G0380,4.6,4.7.14,3.8.2,4.13,3.5,2.5.6,3.7,3.3
G0381,4.6,4.7.2,3,4,3,2.4,3.7,3.4
G0382,4.6,4.7.2,3,4,3,2.5,3.7,3.4
G0383,4.6,4.7.2,3,4,3.2,2.4,3.6,3.3
G0384,4.6,4.7.2,3,4,3.2,2.4,3.7,3.3
G0385,4.6,4.7.2,3,4.1,3,2.4,3,3.4
G0386,4.6,4.7.2,3,4.14,3.2,2.4,3.7,3.3
G0387,4.6,4.7.2,3,4.9,3,2.4,3,3.3
G0388,4.6,4.7.2,3,4.9,3,2.4,3,3.4
G0389,4.6,4.7.2,3,4.9,3,2.4,3.7,3.4
G0390,4.6,4.7.2,3,4.9,3,2.5,3.7,3.4
G0391,4.6,4.7.2,3,4.9,3.2,2.5,3.7,3.3
G0392,4.6,4.7.2,3,4.9,3.2,2.5,3.7,3.4
G0393,4.6,4.7.2,3.3,4,3.2,2.4,3,3.3
G0394,4.6,4.7.2,3.3,4,3.2,2.4,3,3.4
G0395,4.6,4.7.2,3.3,4,3.5,2.5,3.7,3.3
G0396,4.6,4.7.2,3.3,4.1,3,2.4,3.7,3.3
G0397,4.6,4.7.3,3,4,3,2.5.4,3,3.4
G0398,4.6,4.7.3,3,4,3.4,2.4,3.7,3.3
G0399,4.6,4.7.3,3.3,4,3,2.4,3.7,3.3
G0400,4.6,4.7.3,3.3,4,3.2,2.4,3,3.3
G0401,4.6,4.7.3,3.3,4,3.2,2.4,3.7,3.3
G0402,4.6,4.7.3,3.3,4,3.4,2.4,3.7,3.3
G0403,4.6,4.7.3,3.3,4.11,3.2,2.4,3.7,3.3
G0404,4.6,4.7.4,3,4,3,2.5.4,3,3.4
G0405,4.6,4.7.4,3,4,3.2,2.4,3.7,3.3
G0406,4.6,4.7.4,3,4,3.4,2.4,3,3.3
G0407,4.6,4.7.4,3,4,3.4,2.4,3.7,3.3
G0408,4.6,4.7.4,3,4.5,3.5,2.5.2,3.7,3.3
G0409,4.6,4.7.4,3.3,4,3,2.4,3,3.3
G0410,4.6,4.7.4,3.3,4,3.2,2.4,3.7,3.3
G0411,4.6,4.7.4,3.3,4,3.4,2.4,3.7,3.3
G0412,4.6,4.7.4,3.3,4.14,3.4,2.4,3.7,3.3
G0413,4.6,4.7.5,3.6,4.14,3.5,2.5.6,3.7,3.3
G0414,4.6,4.7.5,3.6,4.8,3.4,2.5.2,3.7,3.3
G0415,4.6,4.7.5,3.7,4.12,3.5,2.5.6,3.8,3.3
G0416,4.6,4.7.5,3.7,4.5,3.5,2.5.6,3.6,3.3
G0417,4.6,4.7.5,3.8,4.12,3.5,2.4,3.7,3.3
G0418,4.6,4.7.5,3.8,4.5,3.5,2.5.6,3.7,3.3
G0419,4.6,4.7.5,3.8.3,4.5,3.5,2.5.6,3.8,3.3
G0420,4.6,4.7.6,3.7,4.12,3.4,2.4,3.1,3.3
G0421,4.6,4.7.6,3.7,4.12,3.5,2.5.6,3.7,3.3
G0422,4.6,4.7.6,3.7,4.14,3.3,2.5.6,3.8,3.3
G0423,4.6,4.7.6,3.7,4.14,3.4,2.5.6,3.7,3.3
G0424,4.6,4.7.6,3.7,4.14,3.4,2.5.6,3.8,3.3
G0425,4.6,4.7.6,3.7,4.14,3.5,2.5.6,3.8,3.3
G0426,4.6,4.7.6,3.8,4.14,3.5,2.5.6,3.8,3.3
G0427,4.6,4.7.6,3.8.3,4.12,3.4,2.4,3.1,3.3
G0428,4.6,4.7.6,3.8.3,4.12,3.4,2.4,3.7,3.3
G0429,4.6,4.7.6,3.8.3,4.12,3.4,2.4,3.8,3.3
G0430,4.6,4.7.6,3.8.3,4.14,3.4,2.4,3.7,3.3
G0431,4.6,4.7.6,3.8.3,4.8,3.4,2.4,3.1,3.3
G0432,4.6,4.7.7,3.4,4,3.4,2.5.3,3.7,3.3
G0433,4.6,4.7.7,3.4,4,3.4,2.5.4,3.9,3.3
G0434,4.6,4.7.7,3.4,4.12,3.3,2.4,3.7,3.3
G0435,4.6,4.7.7,3.4,4.12,3.3,2.5.3,3.6,3.3
G0436,4.6,4.7.7,3.4,4.12,3.3,2.5.3,3.7,3.3
G0437,4.6,4.7.7,3.4,4.12,3.3,2.5.3,3.9,3.3
G0438,4.6,4.7.7,3.4,4.12,3.3,2.5.3,3.9,3.4
G0439,4.6,4.7.7,3.4,4.12,3.3,2.5.4,3.7,3.3
G0440,4.6,4.7.7,3.4,4.12,3.3,2.5.4,3.9,3.3
G0441,4.6,4.7.7,3.4,4.4,3.3,2.5.3,3.9,3.3
G0442,4.6,4.7.9,3.6,4.14,3.5,2.5.6,3.7,3.3
G0443,4.6.1,4.3,3.1,4,3,2.4,3,3.3
G0444,4.6.1,4.4,3,4,3,2.4,3,3.4
G0445,4.6.10,4.7,3,4,3.4,2.5.5,3.8,3.3
G0446,4.6.10,4.7,3,4.13,3.4,2.4,3.7,3.3
G0447,4.6.10,4.7,3,4.14,3.4,2.4,3.7,3.3
G0448,4.6.10,4.7,3,4.6,3,2.5.4,3.6,3.3
G0449,4.6.10,4.7,3.3,4,3,2.5.2,3,3.3
G0450,4.6.10,4.7,3.3,4.11,3.4,2.4,3.7,3.3
G0451,4.6.10,4.7,3.4,4,3,2.4,3.7,3.3
G0452,4.6.10,4.7,3.4,4,3,2.4,3.7,3.4
G0453,4.6.10,4.7,3.4,4,3,2.5,3.7,3.3
G0454,4.6.10,4.7,3.6,4.12,3.5,2.5.6,3.7,3.3
G0455,4.6.10,4.7,3.6,4.14,3.4,2.5.6,3.8,3.3
G0456,4.6.10,4.7,3.7,4.12,3,2.5.6,3.6,3.3
G0457,4.6.10,4.7,3.7,4.12,3.5,2.5.6,3.7,3.3
G0458,4.6.10,4.7,3.7,4.12,3.5,2.5.6,3.8,3.3
G0459,4.6.10,4.7,3.7,4.13,3,2.5.1,3.7,3.3
G0460,4.6.10,4.7,3.7,4.13,3,2.5.4,3.7,3.3
G0461,4.6.10,4.7,3.7,4.13,3.3,2.5.1,3.8,3.3
G0462,4.6.10,4.7,3.7,4.13,3.5,2.5.6,3.7,3.3
G0463,4.6.10,4.7,3.8,4,3.4,2.5.5,3.8,3.3
G0464,4.6.10,4.7,3.8,4.12,3,2.4,3.7,3.3
G0465,4.6.10,4.7,3.8,4.12,3.3,2.4,3.7,3.3
G0466,4.6.10,4.7,3.8,4.12,3.4,2.4,3.7,3.3
G0467,4.6.10,4.7,3.8,4.12,3.4,2.5,3.7,3.3
G0468,4.6.10,4.7,3.8,4.12,3.4,2.5.5,3.7,3.3
G0469,4.6.10,4.7,3.8,4.13,3.4,2.4,3.7,3.3
G0470,4.6.10,4.7,3.8,4.13,3.4,2.5.5,3.7,3.3
G0471,4.6.10,4.7,3.8,4.13,3.4,2.5.6,3.7,3.3
G0472,4.6.10,4.7,3.8,4.13,3.5,2.5.6,3.7,3.3
G0473,4.6.10,4.7,3.8,4.6,3,2.5.5,3.7,3.3
G0474,4.6.10,4.7,3.8,4.6,3.4,2.5.5,3.7,3.3
G0475,4.6.10,4.7,3.8.2,4.1,3,2.4,3.7,3.3
G0476,4.6.10,4.7,3.8.2,4.1,3.5,2.4,3.7,3.3
G0477,4.6.10,4.7,3.8.2,4.11,3.4,2.5.5,3.7,3.3
G0478,4.6.10,4.7,3.8.2,4.12,3,2.5.5,3.1,3.3
G0479,4.6.10,4.7,3.8.2,4.13,3.4,2.5.5,3.7,3.3
G0480,4.6.10,4.7,3.8.3,4.11,3.3,2.4,3.7,3.3
G0481,4.6.10,4.7,3.8.3,4.12,3,2.5.2,3.7,3.3
G0482,4.6.10,4.6.10,3.7,4.4,3.4,2.5,3.7,3.3
G0483,4.6.10,4.6.6,3,4,3.4,2.5.2,3.7,3.3
G0484,4.6.10,4.6.8,3,4.13,3,2.5.2,3.7,3.3
G0485,4.6.10,4.6.8,3.4,4.1,3.2,2.5.2,3,3.3
G0486,4.6.10,4.6.8,3.4,4.12,3.3,2.5.4,3.7,3.3
G0487,4.6.10,4.6.8,3.6,4.13,3,2.5.5,3.7,3.3
G0488,4.6.10,4.6.8,3.6,4.6,3,2.5.2,3.6,3.3
G0489,4.6.10,4.6.8,3.8,4.12,3,2.4,3.7,3.3
G0490,4.6.10,4.6.8,3.8,4.13,3,2.5.5,3.7,3.3
G0491,4.6.10,4.6.8,3.8.2,4.13,3.5,2.5.6,3.7,3.3
G0492,4.6.10,4.6.8,3.8.3,4.13,3.5,2.5.6,3.7,3.3
G0493,4.6.10,4.6.9,3,4.6,3,2.5.4,3.6,3.3
G0494,4.6.10,4.6.9,3.3,4.6,3.3,2.4,3.6,3.4
G0495,4.6.10,4.7.12,3.7,4.13,3.5,2.5.6,3.7,3.3
G0496,4.6.10,4.7.12,3.8.1,4.14,3.4,2.5.6,3.7,3.3
G0497,4.6.10,4.7.14,3.8.3,4.13,3.4,2.4,3.7,3.3
G0498,4.6.10,4.7.2,3.3,4,3.4,2.4,3.7,3.3
G0499,4.6.10,4.7.3,3.8.3,4.13,3.2,2.4,3.7,3.3
G0500,4.6.10,4.7.5,3,4,3.4,2.5.5,3.7,3.3
G0501,4.6.10,4.7.5,3,4.4,3,2.5.5,3.7,3.3
G0502,4.6.10,4.7.5,3.8,4.12,3,2.4,3.7,3.3
G0503,4.6.10,4.7.5,3.8,4.12,3.3,2.4,3.7,3.3
G0504,4.6.10,4.7.5,3.8,4.4,3,2.5.2,3.7,3.3
G0505,4.6.10,4.7.5,3.8,4.4,3.3,2.4,3.7,3.3
G0506,4.6.10,4.7.5,3.8,4.4,3.3,2.5.2,3.7,3.3
G0507,4.6.10,4.7.5,3.8,4.5,3.4,2.5.4,3.7,3.3
G0508,4.6.10,4.7.5,3.8.2,4.12,3.3,2.4,3.7,3.3
G0509,4.6.10,4.7.5,3.8.3,4.11,3.4,2.4,3.7,3.3
G0510,4.6.10,4.7.6,3.4,4.13,3.5,2.5.6,3.7,3.3
G0511,4.6.10,4.7.6,3.6,4.12,3.4,2.5.6,3.7,3.3
G0512,4.6.10,4.7.6,3.6,4.12,3.5,2.4,3.7,3.3
G0513,4.6.10,4.7.6,3.6,4.13,3.5,2.5.5,3.7,3.3
G0514,4.6.10,4.7.6,3.6,4.13,3.5,2.5.6,3.8,3.3
G0515,4.6.10,4.7.6,3.6,4.5,3.5,2.5.6,3.7,3.3
G0516,4.6.10,4.7.6,3.7,4,3,2.5.6,3.8,3.3
G0517,4.6.10,4.7.6,3.7,4.12,3.5,2.5.6,3.7,3.3
G0518,4.6.10,4.7.6,3.7,4.13,3.5,2.5.6,3.7,3.3
G0519,4.6.10,4.7.6,3.7,4.4,3.4,2.5,3.7,3.3
G0520,4.6.10,4.7.6,3.8,4.12,3.4,2.5.3,3.7,3.3
G0521,4.6.10,4.7.6,3.8,4.5,3.4,2.5.6,3.7,3.3
G0522,4.6.10,4.7.6,3.8.3,4.12,3.5,2.4,3.7,3.3
G0523,4.6.10,4.7.6,3.8.3,4.12,3.5,2.5.4,3.7,3.3
G0524,4.6.10,4.7.7,3.6,4.12,3.5,2.5.6,3.7,3.3
G0525,4.6.10,4.7.7,3.6,4.12,3.5,2.5.6,3.8,3.3
G0526,4.6.10,4.7.7,3.7,4.12,3.5,2.5.6,3.7,3.3
G0527,4.6.10,4.7.7,3.8,4.12,3.3,2.5.3,3.7,3.3
G0528,4.6.10,4.7.7,3.8,4.6,3.4,2.5.5,3.7,3.3
G0529,4.6.10,4.7.8,3.8,4.13,3.4,2.4,3.7,3.3
G0530,4.6.10,4.7.8,3.8.2,4.5,3.4,2.4,3.7,3.3
G0531,4.6.10,4.7.9,3.7,4.13,3.5,2.5.6,3.8,3.3
G0532,4.6.10,4.7.9,3.7,4.5,3.5,2.5.6,3.8,3.3
G0533,4.6.11,4.7,3,4,3,2.5.2,3,3.3
G0534,4.6.11,4.7,3,4.5,3,2.5.2,3.8,3.3
G0535,4.6.11,4.7,3,4.5,3.5,2.5.2,3.8,3.3
G0536,4.6.11,4.7,3.4,4,3.3,2.5.6,3.7,3.3
G0537,4.6.11,4.7,3.4,4.12,3.3,2.5.3,3.1,3.3
G0538,4.6.11,4.7,3.4,4.12,3.3,2.5.6,3.9,3.3
G0539,4.6.11,4.7,3.4,4.5,3.5,2.5.4,3.7,3.3
G0540,4.6.11,4.7,3.4,4.8,3,2.5.3,3.8,3.3
G0541,4.6.11,4.7,3.6,4.12,3.5,2.5.4,3.7,3.3
G0542,4.6.11,4.7,3.6,4.12,3.5,2.5.6,3.7,3.3
G0543,4.6.11,4.7,3.6,4.12,3.5,2.5.6,3.8,3.3
G0544,4.6.11,4.7,3.6,4.13,3.4,2.5.6,3.7,3.3
G0545,4.6.11,4.7,3.6,4.8,3,2.5.2,3.7,3.3
G0546,4.6.11,4.7,3.6,4.8,3,2.5.6,3.7,3.3
G0547,4.6.11,4.7,3.6,4.8,3.5,2.5.6,3.7,3.3
G0548,4.6.11,4.7,3.6,4.8,3.5,2.5.6,3.8,3.3
G0549,4.6.11,4.7,3.7,4.12,3.5,2.5.4,3.7,3.3
G0550,4.6.11,4.7,3.7,4.5,3.5,2.5.6,3.8,3.3
G0551,4.6.11,4.7,3.8.2,4.12,3.5,2.4,3.8,3.3
G0552,4.6.11,4.7,3.8.2,4.13,3.4,2.4,3.8,3.3
G0553,4.6.11,4.7,3.8.2,4.13,3.4,2.5.3,3.8,3.3
G0554,4.6.11,4.7,3.8.2,4.13,3.5,2.4,3.8,3.3
G0555,4.6.11,4.7,3.8.3,4,3,2.5.2,3,3.3
G0556,4.6.11,4.7,3.8.3,4,3.3,2.5.1,3.8,3.3
G0557,4.6.11,4.7,3.8.3,4,3.4,2.5.4,3.8,3.3
G0558,4.6.11,4.7,3.8.3,4,3.4,2.5.5,3.7,3.3
G0559,4.6.11,4.6.10,3,4.13,3.5,2.5.6,3.8,3.3
G0560,4.6.11,4.6.10,3.6,4.12,3.2,2.5.6,3.7,3.3
G0561,4.6.11,4.6.10,3.6,4.12,3.4,2.5.6,3.7,3.3
G0562,4.6.11,4.6.6,3,4.5,3,2.5.4,3.8,3.3
G0563,4.6.11,4.6.8,3,4,3,2.5.4,3.7,3.3
G0564,4.6.11,4.6.8,3,4,3.5,2.5.4,3.7,3.3
G0565,4.6.11,4.6.8,3,4.6,3,2.5.4,3.7,3.3
G0566,4.6.11,4.6.8,3.8,4,3.5,2.5.2,3.7,3.3
G0567,4.6.11,4.6.9,3,4,3,2.4,3,3.3
G0568,4.6.11,4.6.9,3.4,4,3,2.5.3,3.8,3.3
G0569,4.6.11,4.6.9,3.4,4.12,3,2.5.3,3.8,3.3
G0570,4.6.11,4.6.9,3.4,4.13,3.4,2.4,3.8,3.3
G0571,4.6.11,4.6.9,3.4,4.8,3,2.5.2,3.8,3.3
G0572,4.6.11,4.6.9,3.4,4.8,3,2.5.3,3.8,3.3
G0573,4.6.11,4.6.9,3.6,4,3,2.5.3,3.8,3.3
G0574,4.6.11,4.6.9,3.7,4,3,2.5,3.7,3.3
G0575,4.6.11,4.7.10,3.6,4.5,3.5,2.5.6,3.8,3.3
G0576,4.6.11,4.7.10,3.8,4.5,3.5,2.5.2,3.7,3.3
G0577,4.6.11,4.7.10,3.8,4.5,3.5,2.5.2,3.8,3.3
G0578,4.6.11,4.7.11,3.6,4.8,3,2.5.6,3.7,3.3
G0579,4.6.11,4.7.12,3.4,4,3.3,2.5.3,3.1,3.3
G0580,4.6.11,4.7.12,3.4,4,3.3,2.5.3,3.7,3.3
G0581,4.6.11,4.7.12,3.4,4,3.3,2.5.6,3.1,3.3
G0582,4.6.11,4.7.12,3.4,4,3.3,2.5.6,3.8,3.3
G0583,4.6.11,4.7.12,3.4,4,3.3,2.5.6,3.9,3.3
G0584,4.6.11,4.7.12,3.4,4,3.5,2.5.6,3.1,3.3
G0585,4.6.11,4.7.12,3.4,4,3.5,2.5.6,3.6,3.3
G0586,4.6.11,4.7.12,3.4,4.12,3.3,2.5.2,3.8,3.3
G0587,4.6.11,4.7.12,3.4,4.12,3.3,2.5.3,3.8,3.3
G0588,4.6.11,4.7.12,3.4,4.12,3.3,2.5.6,3.1,3.3
G0589,4.6.11,4.7.12,3.4,4.12,3.3,2.5.6,3.7,3.3
G0590,4.6.11,4.7.12,3.4,4.12,3.3,2.5.6,3.8,3.3
G0591,4.6.11,4.7.13,3.6,4.12,3.5,2.5.6,3.7,3.3
G0592,4.6.11,4.7.13,3.6,4.5,3.5,2.5.6,3.7,3.3
G0593,4.6.11,4.7.13,3.6,4.5,3.5,2.5.6,3.8,3.3
G0594,4.6.11,4.7.13,3.8.3,4.12,3.4,2.4,3.7,3.3
G0595,4.6.11,4.7.14,3.4,4.1,3.5,2.5.4,3.1,3.3
G0596,4.6.11,4.7.14,3.4,4.1,3.5,2.5.4,3.7,3.3
G0597,4.6.11,4.7.15,3.4,4.1,3.5,2.5.6,3.7,3.3
G0598,4.6.11,4.7.15,3.6,4.12,3.4,2.5.6,3.7,3.3
G0599,4.6.11,4.7.16,3.6,4.12,3.5,2.5.6,3.7,3.3
G0600,4.6.11,4.7.16,3.6,4.12,3.5,2.5.6,3.8,3.3
G0601,4.6.11,4.7.16,3.6,4.13,3.5,2.5.6,3.7,3.3
G0602,4.6.11,4.7.5,3,4,3.3,2.5.4,3.8,3.3
G0603,4.6.11,4.7.5,3,4.12,3.5,2.5.4,3.8,3.3
G0604,4.6.11,4.7.5,3,4.5,3,2.4,3.8,3.3
G0605,4.6.11,4.7.5,3.6,4,3,2.5.6,3.8,3.3
G0606,4.6.11,4.7.5,3.6,4.12,3.5,2.5.6,3.7,3.3
G0607,4.6.11,4.7.5,3.6,4.5,3.5,2.5.6,3.8,3.3
G0608,4.6.11,4.7.5,3.6,4.8,3.5,2.5.3,3.8,3.3
G0609,4.6.11,4.7.5,3.6,4.8,3.5,2.5.6,3.8,3.3
G0610,4.6.11,4.7.5,3.8,4.12,3,2.5.4,3.6,3.3
G0611,4.6.11,4.7.5,3.8,4.8,3,2.5.4,3.8,3.3
G0612,4.6.11,4.7.5,3.8.2,4.13,3.4,2.5.3,3.7,3.3
G0613,4.6.11,4.7.6,3.6,4.8,3.5,2.5.6,3.8,3.3
G0614,4.6.11,4.7.6,3.7,4.13,3.5,2.5.6,3.8,3.3
G0615,4.6.11,4.7.6,3.7,4.5,3.5,2.5.6,3.8,3.3
G0616,4.6.11,4.7.6,3.8,4.12,3.5,2.5.6,3.8,3.3
G0617,4.6.11,4.7.6,3.8,4.14,3.5,2.5.6,3.7,3.3
G0618,4.6.11,4.7.6,3.8,4.5,3.5,2.5.6,3.7,3.3
G0619,4.6.11,4.7.6,3.8.2,4.12,3.4,2.5.6,3.7,3.3
G0620,4.6.11,4.7.6,3.8.2,4.13,3.4,2.4,3.8,3.3
G0621,4.6.11,4.7.6,3.8.2,4.14,3.4,2.5.6,3.7,3.3
G0622,4.6.11,4.7.6,3.8.2,4.8,3.4,2.5.6,3.8,3.3
G0623,4.6.11,4.7.6,3.8.3,4.12,3.4,2.4,3.1,3.3
G0624,4.6.11,4.7.6,3.8.3,4.12,3.4,2.4,3.7,3.3
G0625,4.6.11,4.7.9,3.7,4.13,3.5,2.5.6,3.8,3.3
G0626,4.6.12,4.7,3.3,4,3,2.4,3.7,3.3
G0627,4.6.12,4.7,3.3,4,3.2,2.4,3.7,3.3
G0628,4.6.12,4.7,3.3,4,3.3,2.4,3.7,3.3
G0629,4.6.12,4.7.4,3.3,4,3.2,2.4,3.7,3.3
G0630,4.6.12,4.7.4,3.3,4,3.3,2.4,3.7,3.3
G0631,4.6.13,4.7,3,4,3.4,2.5.2,3.7,3.3
G0632,4.6.13,4.7,3.2,4.1,3.4,2.5.2,3.5,3.3
G0633,4.6.13,4.7,3.3,4.1,3.2,2.4,3.7,3.3
G0634,4.6.13,4.7,3.4,4,3.3,2.5.4,3.7,3.3
G0635,4.6.13,4.7,3.4,4,3.3,2.5.4,3.8,3.3
G0636,4.6.13,4.7,3.4,4.13,3.3,2.5.1,3.7,3.3
G0637,4.6.13,4.7,3.6,4.6,3.3,2.5.3,3,3.3
G0638,4.6.13,4.7,3.8.2,4,3.3,2.5.2,3,3.3
G0639,4.6.13,4.7,3.8.2,4.12,3.3,2.5.2,3,3.3
G0640,4.6.13,4.7,3.8.3,4,3,2.5.2,3.7,3.3
G0641,4.6.13,4.7,3.8.3,4,3.3,2.5.1,3.7,3.3
G0642,4.6.13,4.7,3.8.3,4.13,3,2.5.1,3.7,3.3
G0643,4.6.13,4.6.2,3.2,4,3.2,2.4,3.5,3.4
G0644,4.6.13,4.6.2,3.2,4.4,3.1,2.5.1,3.6,3.4
G0645,4.6.13,4.6.3,3,4.4,3.3,2.5,3,3.4
G0646,4.6.13,4.6.3,3.4,4.4,3,2.5.4,3,3.4
G0647,4.6.13,4.6.4,3.2,4,3.1,2.4,3.6,3.3
G0648,4.6.13,4.6.5,3.2,4,3.2,2.4,3.9,3.3
G0649,4.6.13,4.6.5,3.2,4.9,3.1,2.4,3.5,3.3
G0650,4.6.13,4.6.5,3.2,4.9,3.1,2.4,3.6,3.3
G0651,4.6.13,4.6.5,3.2,4.9,3.1,2.4,3.6,3.4
G0652,4.6.13,4.6.5,3.2,4.9,3.2,2.4,3.6,3.3
G0653,4.6.13,4.6.5,3.2,4.9,3.3,2.4,3.6,3.4
G0654,4.6.13,4.6.5,3.4,4,3,2.5.4,3,3.4
G0655,4.6.13,4.6.8,3,4,3,2.5.2,3,3.3
G0656,4.6.13,4.6.8,3,4.6,3,2.5,3.6,3.3
G0657,4.6.13,4.6.8,3.4,4,3,2.5.4,3.6,3.4
G0658,4.6.13,4.6.8,3.4,4,3.3,2.5.2,3.7,3.3
G0659,4.6.13,4.6.8,3.4,4,3.3,2.5.3,3.7,3.3
G0660,4.6.13,4.6.8,3.4,4.12,3,2.5.3,3,3.3
G0661,4.6.13,4.6.8,3.4,4.12,3,2.5.4,3,3.4
G0662,4.6.13,4.6.8,3.4,4.12,3,2.5.4,3.6,3.3
G0663,4.6.13,4.6.8,3.4,4.5,3.3,2.5.2,3.7,3.3
G0664,4.6.13,4.6.8,3.7,4.5,3,2.5.3,3.7,3.3
G0665,4.6.13,4.6.8,3.7,4.6,3,2.5.2,3.7,3.3
G0666,4.6.13,4.6.8,3.8.3,4.12,3,2.5,3,3.3
G0667,4.6.13,4.6.8,3.8.3,4.4,3.3,2.5.4,3,3.3
G0668,4.6.13,4.6.9,3,4.4,3.3,2.5,3,3.4
G0669,4.6.13,4.6.9,3.8.3,4.13,3.4,2.5.2,3.7,3.3
G0670,4.6.13,4.7.1,3.2,4,3.1,2.4,3.5,3.4
G0671,4.6.13,4.7.1,3.2,4.4,3.1,2.4,3.5,3.4
G0672,4.6.13,4.7.1,3.2,4.4,3.1,2.4,3.6,3.4
G0673,4.6.13,4.7.14,3.8,4.6,3.4,2.5.5,3.7,3.3
G0674,4.6.13,4.7.14,3.8.2,4.6,3.4,2.5.6,3.1,3.3
G0675,4.6.13,4.7.15,3.6,4.1,3.5,2.5.2,3.7,3.3
G0676,4.6.13,4.7.15,3.8.3,4.1,3.5,2.5.2,3.1,3.3
G0677,4.6.13,4.7.6,3.8.2,4.13,3.5,2.5.6,3.7,3.3
G0678,4.6.14,4.7,3,4.12,3,2.5.4,3.7,3.3
G0679,4.6.14,4.7,3,4.12,3,2.5.6,3.7,3.3
G0680,4.6.14,4.7,3,4.6,3,2.5.4,3.7,3.3
G0681,4.6.14,4.7,3.4,4,3.3,2.5.4,3,3.3
G0682,4.6.14,4.7,3.4,4.12,3.3,2.5.2,3.1,3.3
G0683,4.6.14,4.7,3.4,4.12,3.3,2.5.3,3.1,3.3
G0684,4.6.14,4.7,3.4,4.12,3.3,2.5.3,3.7,3.3
G0685,4.6.14,4.7,3.4,4.12,3.3,2.5.3,3.9,3.3
G0686,4.6.14,4.7,3.4,4.12,3.3,2.5.4,3.7,3.3
G0687,4.6.14,4.7,3.4,4.12,3.3,2.5.4,3.9,3.3
G0688,4.6.14,4.7,3.4,4.12,3.3,2.5.6,3.1,3.3
G0689,4.6.14,4.7,3.4,4.12,3.3,2.5.6,3.7,3.3
G0690,4.6.14,4.7,3.4,4.12,3.5,2.5.4,3.9,3.3
G0691,4.6.14,4.7,3.4,4.5,3.3,2.5.3,3.7,3.3
G0692,4.6.14,4.7,3.4,4.6,3,2.5.4,3.9,3.3
G0693,4.6.14,4.7,3.6,4.12,3.3,2.5.6,3.7,3.3
G0694,4.6.14,4.7,3.7,4.12,3,2.5.6,3.6,3.3
G0695,4.6.14,4.7,3.7,4.13,3.5,2.5.6,3.7,3.3
G0696,4.6.14,4.6.10,3.4,4,3.4,2.4,3.8,3.3
G0697,4.6.14,4.6.10,3.4,4,3.4,2.5.2,3.8,3.3
G0698,4.6.14,4.6.8,3.4,4.12,3.3,2.5.2,3.8,3.3
G0699,4.6.14,4.6.8,3.4,4.6,3,2.5.2,3.8,3.3
G0700,4.6.14,4.6.8,3.4,4.6,3.3,2.5.3,3.9,3.3
G0701,4.6.14,4.7.12,3.4,4,3.3,2.5.6,3.8,3.3
G0702,4.6.14,4.7.12,3.4,4.12,3.3,2.5.3,3.1,3.3
G0703,4.6.14,4.7.12,3.4,4.12,3.3,2.5.3,3.8,3.3
G0704,4.6.14,4.7.12,3.4,4.12,3.3,2.5.6,3.1,3.3
G0705,4.6.14,4.7.12,3.4,4.12,3.3,2.5.6,3.6,3.3
G0706,4.6.14,4.7.12,3.4,4.12,3.3,2.5.6,3.7,3.3
G0707,4.6.14,4.7.12,3.4,4.12,3.3,2.5.6,3.8,3.3
G0708,4.6.14,4.7.12,3.6,4.12,3.3,2.5.6,3.7,3.3
G0709,4.6.14,4.7.12,3.8.2,4.14,3.5,2.5.6,3.8,3.3
G0710,4.6.14,4.7.13,3.6,4.5,3.5,2.5.6,3.7,3.3
G0711,4.6.14,4.7.13,3.8.1,4.14,3.4,2.5.6,3.7,3.3
G0712,4.6.14,4.7.5,3.8.1,4.14,3.5,2.5.6,3.8,3.3
G0713,4.6.14,4.7.5,3.8.3,4.14,3.5,2.5.6,3.8,3.3
G0714,4.6.14,4.7.6,3,4,3,2.5.4,3.6,3.3
G0715,4.6.14,4.7.6,3.4,4.12,3.3,2.5.4,3.6,3.3
G0716,4.6.14,4.7.6,3.7,4.14,3.4,2.5.6,3.7,3.3
G0717,4.6.14,4.7.6,3.7,4.14,3.4,2.5.6,3.8,3.3
G0718,4.6.14,4.7.7,3.4,4,3.3,2.5.4,3.9,3.3
G0719,4.6.14,4.7.7,3.4,4.12,3.3,2.5.2,3.8,3.3
G0720,4.6.14,4.7.7,3.4,4.12,3.3,2.5.3,3.9,3.3
G0721,4.6.14,4.7.7,3.4,4.12,3.3,2.5.4,3.6,3.3
G0722,4.6.14,4.7.7,3.8.3,4.12,3.3,2.5.4,3,3.3
G0723,4.6.15,4.7,3.4,4.12,3.3,2.5.3,3.9,3.3
G0724,4.6.15,4.7,3.4,4.12,3.3,2.5.4,3.6,3.3
G0725,4.6.15,4.7,3.4,4.12,3.3,2.5.4,3.7,3.3
G0726,4.6.15,4.7,3.4,4.12,3.3,2.5.4,3.9,3.3
G0727,4.6.15,4.7,3.4,4.12,3.3,2.5.5,3.6,3.3
G0728,4.6.15,4.7,3.4,4.12,3.4,2.5.4,3.6,3.3
G0729,4.6.15,4.6.8,3.4,4.12,3.3,2.5.3,3.7,3.3
G0730,4.6.15,4.6.8,3.4,4.12,3.3,2.5.4,3.7,3.3
G0731,4.6.15,4.6.8,3.4,4.12,3.3,2.5.4,3.9,3.3
G0732,4.6.15,4.6.8,3.7,4,3.3,2.5.6,3.8,3.3
G0733,4.6.15,4.7.12,3.4,4.12,3.3,2.5.6,3.8,3.3
G0734,4.6.15,4.7.5,3.4,4.12,3.3,2.5.4,3.9,3.3
G0735,4.6.15,4.7.5,3.4,4.9,3.3,2.5.6,3.9,3.3
G0736,4.6.15,4.7.6,3.4,4.9,3,2.5.6,3.9,3.3
G0737,4.6.15,4.7.7,3.4,4,3.3,2.5.3,3.7,3.3
G0738,4.6.15,4.7.7,3.4,4.12,3.3,2.5.3,3.9,3.3
G0739,4.6.15,4.7.7,3.4,4.12,3.3,2.5.4,3.6,3.3
G0740,4.6.15,4.7.7,3.4,4.12,3.3,2.5.4,3.9,3.3
G0741,4.6.16,4.7,3.5,4.1,3.5,2.5.2,3.1,3.3
G0742,4.6.16,4.7,3.6,4.8,3.5,2.5.6,3.1,3.3
G0743,4.6.16,4.7,3.8.3,4.5,3.5,2.5.6,3.8,3.3
G0744,4.6.16,4.7.11,3.5,4.14,3.5,2.5.6,3.7,3.3
G0745,4.6.16,4.7.11,3.5,4.8,3.5,2.5.6,3.7,3.3
G0746,4.6.16,4.7.11,3.6,4.1,3.5,2.5.6,3.1,3.3
G0747,4.6.16,4.7.11,3.6,4.14,3.5,2.5.6,3.7,3.3
G0748,4.6.16,4.7.11,3.6,4.8,3.5,2.5.6,3.1,3.3
G0749,4.6.16,4.7.11,3.6,4.8,3.5,2.5.6,3.7,3.3
G0750,4.6.16,4.7.11,3.6,4.8,3.5,2.5.6,3.8,3.3
G0751,4.6.16,4.7.12,3.4,4,3.5,2.5.6,3.1,3.3
G0752,4.6.16,4.7.12,3.4,4.1,3.3,2.5.6,3.1,3.3
G0753,4.6.16,4.7.12,3.6,4.14,3.5,2.5.6,3.7,3.3
G0754,4.6.16,4.7.12,3.8.2,4.14,3.5,2.5.2,3.7,3.3
G0755,4.6.16,4.7.12,3.8.2,4.14,3.5,2.5.6,3.7,3.3
G0756,4.6.16,4.7.13,3.4,4.1,3.5,2.5.6,3.7,3.3
G0757,4.6.16,4.7.13,3.4,4.14,3.5,2.5.6,3.1,3.3
G0758,4.6.16,4.7.13,3.4,4.14,3.5,2.5.6,3.7,3.3
G0759,4.6.16,4.7.13,3.6,4.14,3.5,2.5.6,3.1,3.3
G0760,4.6.16,4.7.13,3.6,4.14,3.5,2.5.6,3.7,3.3
G0761,4.6.16,4.7.13,3.8.1,4.14,3.5,2.5.6,3.7,3.3
G0762,4.6.16,4.7.13,3.8.2,4.13,3.5,2.5.6,3.7,3.3
G0763,4.6.16,4.7.13,3.8.2,4.14,3.5,2.5.6,3.1,3.3
G0764,4.6.16,4.7.13,3.8.2,4.14,3.5,2.5.6,3.7,3.3
G0765,4.6.16,4.7.14,3.4,4,3.3,2.5.2,3.1,3.3
G0766,4.6.16,4.7.14,3.4,4,3.5,2.5.6,3.1,3.3
G0767,4.6.16,4.7.14,3.4,4.14,3.3,2.5.2,3.1,3.3
G0768,4.6.16,4.7.14,3.4,4.14,3.5,2.5.6,3.1,3.3
G0769,4.6.16,4.7.14,3.4,4.14,3.5,2.5.6,3.7,3.3
G0770,4.6.16,4.7.14,3.5,4,3.5,2.5.2,3.1,3.3
G0771,4.6.16,4.7.14,3.5,4.1,3.3,2.5.2,3.1,3.3
G0772,4.6.16,4.7.14,3.5,4.1,3.5,2.5.2,3.1,3.3
G0773,4.6.16,4.7.14,3.5,4.14,3.5,2.5.2,3.1,3.3
G0774,4.6.16,4.7.14,3.5,4.14,3.5,2.5.6,3.1,3.3
G0775,4.6.16,4.7.14,3.6,4,3.5,2.5.6,3.8,3.3
G0776,4.6.16,4.7.14,3.6,4.1,3.5,2.5.2,3.1,3.3
G0777,4.6.16,4.7.14,3.6,4.12,3.5,2.5.6,3.1,3.3
G0778,4.6.16,4.7.14,3.6,4.14,3.5,2.5.2,3.1,3.3
G0779,4.6.16,4.7.14,3.6,4.8,3.5,2.5.6,3.1,3.3
G0780,4.6.16,4.7.14,3.6,4.8,3.5,2.5.6,3.7,3.3
G0781,4.6.16,4.7.14,3.8.3,4.12,3.5,2.5.2,3.1,3.3
G0782,4.6.16,4.7.15,3.5,4.1,3.5,2.5.6,3.1,3.3
G0783,4.6.16,4.7.15,3.5,4.14,3.4,2.5.6,3.1,3.3
G0784,4.6.16,4.7.15,3.5,4.5,3.5,2.5.2,3.1,3.3
G0785,4.6.16,4.7.15,3.6,4.5,3.3,2.5.6,3.1,3.3
G0786,4.6.16,4.7.15,3.6,4.8,3.5,2.5.6,3.7,3.3
G0787,4.6.16,4.7.15,3.8.1,4.14,3.5,2.5.6,3.7,3.3
G0788,4.6.16,4.7.5,3.6,4.5,3.5,2.5.6,3.7,3.3
G0789,4.6.16,4.7.5,3.8.2,4.5,3.5,2.5.3,3.8,3.3
G0790,4.6.16,4.7.8,3.8.1,4.14,3.5,2.5.6,3.7,3.3
G0791,4.6.16,4.7.9,3.5,4.1,3.5,2.5.6,3.7,3.3
G0792,4.6.16,4.7.9,3.8.2,4.14,3.5,2.5.6,3.7,3.3
G0793,4.6.17,4.7.12,3.8.1,4.14,3.5,2.5.6,3.7,3.3
G0794,4.6.17,4.7.13,3.6,4.14,3.5,2.5.2,3.1,3.3
G0795,4.6.17,4.7.13,3.6,4.14,3.5,2.5.6,3.1,3.3
G0796,4.6.17,4.7.13,3.8.1,4.12,3.4,2.5.6,3.7,3.3
G0797,4.6.17,4.7.13,3.8.1,4.13,3.5,2.5.6,3.7,3.3
G0798,4.6.17,4.7.13,3.8.1,4.14,3.5,2.5.6,3.7,3.3
G0799,4.6.17,4.7.13,3.8.2,4.13,3.3,2.5.6,3.1,3.3
G0800,4.6.17,4.7.13,3.8.2,4.13,3.3,2.5.6,3.7,3.3
G0801,4.6.17,4.7.13,3.8.2,4.13,3.5,2.5.6,3.1,3.3
G0802,4.6.17,4.7.13,3.8.2,4.13,3.5,2.5.6,3.7,3.3
G0803,4.6.17,4.7.13,3.8.2,4.14,3.4,2.5.6,3.7,3.3
G0804,4.6.17,4.7.13,3.8.2,4.14,3.5,2.5.6,3.1,3.3
G0805,4.6.17,4.7.13,3.8.2,4.14,3.5,2.5.6,3.7,3.3
G0806,4.6.17,4.7.14,3.5,4.13,3.5,2.5.6,3.1,3.3
G0807,4.6.17,4.7.14,3.6,4.1,3.5,2.5.2,3.1,3.3
G0808,4.6.17,4.7.14,3.6,4.13,3.5,2.5.6,3.7,3.3
G0809,4.6.17,4.7.14,3.6,4.14,3.4,2.5.6,3.7,3.3
G0810,4.6.17,4.7.14,3.8.2,4.1,3.5,2.5.2,3.1,3.3
G0811,4.6.17,4.7.14,3.8.2,4.12,3.5,2.5.6,3.7,3.3
G0812,4.6.17,4.7.15,3.8.1,4.14,3.5,2.5.6,3.7,3.3
G0813,4.6.17,4.7.15,3.8.2,4.14,3.5,2.5.6,3.7,3.3
G0814,4.6.17,4.7.6,3.5,4.14,3.5,2.5.6,3.1,3.3
G0815,4.6.17,4.7.6,3.7,4.14,3.4,2.5.6,3.7,3.3
G0816,4.6.17,4.7.6,3.8.2,4.14,3.4,2.5.6,3.7,3.3
G0817,4.6.17,4.7.9,3.5,4.14,3.5,2.5.6,3.7,3.3
G0818,4.6.17,4.7.9,3.8.2,4.14,3.5,2.5.6,3.1,3.3
G0819,4.6.17,4.7.9,3.8.2,4.14,3.5,2.5.6,3.7,3.3
G0820,4.6.18,4.7.14,3.4,4,3.3,2.5.2,3.1,3.3
G0821,4.6.18,4.7.15,3.7,4.12,3.5,2.5.6,3.7,3.3
G0822,4.6.18,4.7.15,3.7,4.14,3.5,2.5.6,3.7,3.3
G0823,4.6.18,4.7.15,3.8.1,4.12,3.5,2.5.6,3.7,3.3
G0824,4.6.18,4.7.15,3.8.1,4.14,3.5,2.5.6,3.7,3.3
G0825,4.6.18,4.7.6,3.8.3,4.12,3.4,2.4,3.1,3.3
G0826,4.6.18,4.7.8,3.6,4.1,3.5,2.5.6,3.1,3.3
G0827,4.6.18,4.7.8,3.6,4.1,3.5,2.5.6,3.7,3.3
G0828,4.6.18,4.7.8,3.6,4.12,3.5,2.5.6,3.7,3.3
G0829,4.6.18,4.7.8,3.8,4.14,3.5,2.5.6,3.7,3.3
G0830,4.6.18,4.7.8,3.8,4.7,3.5,2.5.6,3.7,3.3
G0831,4.6.18,4.7.8,3.8.3,4.12,3.5,2.5.6,3.7,3.3
G0832,4.6.18,4.7.8,3.8.3,4.14,3.5,2.5.6,3.1,3.3
G0833,4.6.18,4.7.8,3.8.3,4.14,3.5,2.5.6,3.7,3.3
G0834,4.6.18,4.7.8,3.8.3,4.7,3.5,2.5.6,3.1,3.3
G0835,4.6.18,4.7.8,3.8.3,4.7,3.5,2.5.6,3.7,3.3
G0836,4.6.2,4.4,3,4,3,2.4,3,3.4
G0837,4.6.2,4.4,3,4.3,3,2.4,3,3.4
G0838,4.6.2,4.4,3,4.3,3.1,2.4,3.5,3.3
G0839,4.6.2,4.4,3.3,4.3,3,2.4,3,3.4
G0840,4.6.2,4.4,3.3,4.3,3,2.5,3,3.4
G0841,4.6.3,1,3.2,4.3,3.1,2.4,3,3.3
G0842,4.6.3,1,3.2,4.4,3.1,2.4,3,3.3
G0843,4.6.3,1,3.2,4.4,3.1,2.4,3.5,3.4
G0844,4.6.3,1,3.2,4.9,3.1,2.4,3.9,3.4
G0845,4.6.3,1,3.3,4,3.3,2.4,3.9,3.3
G0846,4.6.3,1,3.3,4,3.3,2.4,3.9,3.4
G0847,4.6.3,4.4,2,4,3,2.4,3,3.4
G0848,4.6.3,4.4,3,4,3,2.5,3,3.3
G0849,4.6.3,4.4,3,4.2,3.3,2.5.1,3,3.3
G0850,4.6.3,4.4,3,4.4,3.3,2.5,3,3.4
G0851,4.6.3,4.4,3,4.9,3.3,2.5,3,3.4
G0852,4.6.3,4.4,3,4.9,3.3,2.5,3.6,3.4
G0853,4.6.3,4.4,3.1,4,3,2.4,3,3.4
G0854,4.6.3,4.4,3.1,4,3.2,2.5,3,3.4
G0855,4.6.3,4.4,3.1,4,3.2,2.5,3.6,3.4
G0856,4.6.3,4.4,3.1,4.2,3,2.5,3,3.3
G0857,4.6.3,4.4,3.3,4,3,2.4,3,3.4
G0858,4.6.3,4.4,3.3,4,3.3,2.4,3.7,3.3
G0859,4.6.3,4.5,3,4,3.1,2.5,3.5,3.3
G0860,4.6.3,4.5,3,4,3.2,2.4,3.7,3.3
G0861,4.6.3,4.5,3,4,3.2,2.4,3.7,3.4
G0862,4.6.3,4.5,3,4,3.2,2.5,3,3.4
G0863,4.6.3,4.5,3,4,3.2,2.5,3.7,3.3
G0864,4.6.3,4.5,3,4,3.3,2.5.1,3,3.3
G0865,4.6.3,4.5,3,4,3.3,2.5.1,3,3.4
G0866,4.6.3,4.5,3,4,3.3,2.5.2,3,3.3
G0867,4.6.3,4.5,3,4,3.3,2.5.3,3,3.4
G0868,4.6.3,4.5,3,4.1,3.2,2.4,3.7,3.4
G0869,4.6.3,4.5,3,4.3,3,2.4,3,3.4
G0870,4.6.3,4.5,3,4.3,3,2.5,3,3.4
G0871,4.6.3,4.5,3,4.3,3,2.5,3.5,3.3
G0872,4.6.3,4.5,3,4.3,3.1,2.4,3.5,3.4
G0873,4.6.3,4.5,3,4.3,3.1,2.5,3,3.3
G0874,4.6.3,4.5,3,4.3,3.1,2.5,3,3.4
G0875,4.6.3,4.5,3,4.3,3.1,2.5,3.5,3.3
G0876,4.6.3,4.5,3,4.3,3.1,2.5,3.5,3.4
G0877,4.6.3,4.5,3,4.3,3.2,2.5,3,3.4
G0878,4.6.3,4.5,3,4.9,3,2.5,3.5,3.4
G0879,4.6.3,4.5,3,4.9,3.1,2.5.2,3.5,3.4
G0880,4.6.3,4.5,3,4.9,3.3,2.5,3,3.4
G0881,4.6.3,4.5,3.1,4,3,2.5.3,3,3.4
G0882,4.6.3,4.5,3.1,4.2,3,2.5,3,3.4
G0883,4.6.3,4.5,3.2,4,3.3,2.5.3,3,3.4
G0884,4.6.3,4.6,3,4,3,2.5,3,3.4
G0885,4.6.3,4.6,3,4,3,2.5,3.6,3.3
G0886,4.6.3,4.6,3,4,3,2.5,3.6,3.4
G0887,4.6.3,4.6,3,4,3.3,2.5,3,3.4
G0888,4.6.3,4.6,3,4,3.4,2.5,3,3.4
G0889,4.6.3,4.7,3,4,3,2.5.4,3.8,3.3
G0890,4.6.3,4.6.1,3.3,4,3.2,2.4,3.9,3.4
G0891,4.6.3,4.6.10,3,4,3,2.5,3,3.4
G0892,4.6.3,4.6.10,3,4,3.4,2.5,3,3.4
G0893,4.6.3,4.6.10,3,4.9,3.4,2.5,3,3.4
G0894,4.6.3,4.6.10,3.3,4.9,3.4,2.5,3,3.4
G0895,4.6.3,4.6.2,3.2,4.4,3.1,2.4,3.6,3.4
G0896,4.6.3,4.6.2,3.2,4.4,3.2,2.4,3.6,3.4
G0897,4.6.3,4.6.3,3,4.4,3.3,2.5,3,3.4
G0898,4.6.3,4.6.4,3.2,4.4,3.1,2.4,3.5,3.4
G0899,4.6.3,4.6.4,3.2,4.4,3.1,2.4,3.6,3.4
G0900,4.6.3,4.6.4,3.2,4.9,3.1,2.4,3.6,3.4
G0901,4.6.3,4.6.5,3.2,4.4,3.1,2.4,3.6,3.4
G0902,4.6.3,4.6.5,3.3,4,3.3,2.4,3.9,3.3
G0903,4.6.3,4.6.6,3,4,3,2.5,3,3.4
G0904,4.6.3,4.6.6,3,4.6,3.5,2.4,3,3.3
G0905,4.6.3,4.6.6,3,4.6,3.5,2.5.6,3,3.3
G0906,4.6.3,4.6.6,3.8,4.6,3.5,2.5.6,3,3.3
G0907,4.6.3,4.6.7,3,4,3,2.5,3,3.4
G0908,4.6.3,4.6.7,3,4,3,2.5,3.1,3.4
G0909,4.6.3,4.6.7,3,4.3,3.2,2.5,3,3.4
G0910,4.6.3,4.6.8,3,4,3,2.5,3.8,3.3
G0911,4.6.3,4.6.8,3,4,3,2.5.5,3.8,3.3
G0912,4.6.3,4.6.8,3,4,3.3,2.5.2,3.7,3.3
G0913,4.6.3,4.6.9,3,4,3,2.5.4,3,3.4
G0914,4.6.3,4.7.1,3,4.4,3.3,2.5,3,3.4
G0915,4.6.3,4.7.1,3,4.9,3.3,2.5,3,3.4
G0916,4.6.3,4.7.1,3.2,4.4,3.1,2.4,3.5,3.4
G0917,4.6.3,4.7.1,3.2,4.4,3.1,2.4,3.6,3.4
G0918,4.6.4,3,1,1,2,1,3.1,2
G0919,4.6.4,4.7,3,4,3,2.5.4,3.8,3.3
G0920,4.6.4,4.7,3,4,3.2,2.4,3.7,3.3
G0921,4.6.4,4.7,3.2,4.4,3.4,2.4,3.7,3.3
G0922,4.6.4,4.7,3.3,4,3.2,2.4,3.7,3.3
G0923,4.6.4,4.7,3.3,4,3.3,2.4,3.7,3.3
G0924,4.6.4,4.7,3.3,4.1,3.2,2.4,3.7,3.3
G0925,4.6.4,4.7,3.3,4.1,3.5,2.4,3.7,3.3
G0926,4.6.4,4.7,3.3,4.12,3.2,2.4,3.7,3.3
G0927,4.6.4,4.7,3.4,4.12,3,2.5.5,3.6,3.3
G0928,4.6.4,4.7,3.6,4,3.4,2.5.4,3.8,3.3
G0929,4.6.4,4.7,3.8,4.12,3.4,2.5.2,3.8,3.3
G0930,4.6.4,4.7,3.8,4.13,3.4,2.5.2,3.7,3.3
G0931,4.6.4,4.7,3.8,4.14,3.4,2.4,3.7,3.3
G0932,4.6.4,4.7,3.8,4.14,3.4,2.5.5,3.7,3.3
G0933,4.6.4,4.7,3.8,4.4,3.4,2.5.5,3.7,3.3
G0934,4.6.4,4.7,3.8.2,4.12,3.4,2.4,3.7,3.3
G0935,4.6.4,4.6.10,3,4,3,2.5.4,3,3.4
G0936,4.6.4,4.6.5,3,4.4,3.3,2.5.4,3.7,3.3
G0937,4.6.4,4.6.6,3,4.6,3,2.5.2,3,3.3
G0938,4.6.4,4.6.6,3,4.6,3.4,2.4,3,3.3
G0939,4.6.4,4.6.6,3,4.6,3.4,2.5.2,3,3.3
G0940,4.6.4,4.6.6,3.7,4.6,3,2.5.2,3,3.3
G0941,4.6.4,4.6.6,3.8,4.6,3.5,2.4,3.7,3.3
G0942,4.6.4,4.6.8,3,4.1,3.2,2.4,3.7,3.3
G0943,4.6.4,4.6.8,3.3,4.11,3.3,2.5.1,3.7,3.3
G0944,4.6.4,4.6.8,3.8,4,3,2.5.5,3.7,3.3
G0945,4.6.4,4.6.9,3,4,3,2.4,3,3.3
G0946,4.6.4,4.6.9,3,4,3,2.5.4,3,3.3
G0947,4.6.4,4.6.9,3.4,4,3,2.5.4,3.7,3.3
G0948,4.6.4,4.7.12,3.8.1,4.14,3.4,2.5.6,3.7,3.3
G0949,4.6.4,4.7.2,3,4.1,3.2,2.4,3.7,3.3
G0950,4.6.4,4.7.2,3.3,4,3.2,2.4,3.7,3.3
G0951,4.6.4,4.7.4,3.3,4,3.2,2.4,3.7,3.3
G0952,4.6.4,4.7.5,3,4.4,3,2.5.5,3.7,3.3
G0953,4.6.4,4.7.5,3.8,4.12,3,2.5.5,3.7,3.3
G0954,4.6.4,4.7.5,3.8.3,4.13,3.4,2.5.5,3.7,3.3
G0955,4.6.5,4.6.8,3.3,4,3.3,2.5.1,3.7,3.3
G0956,4.6.5,4.7.4,3.3,4,3.3,2.5.1,3.7,3.3
G0957,4.6.6,4.7,3.4,4.9,3.3,2.5.4,3.7,3.3
G0958,4.6.6,4.7,3.6,4.13,3.5,2.5.4,3.1,3.3
G0959,4.6.6,4.7,3.6,4.14,3.5,2.5.6,3.7,3.3
G0960,4.6.6,4.7,3.6,4.5,3.5,2.5.6,3.7,3.3
G0961,4.6.6,4.7,3.7,4.5,3.5,2.5.6,3.8,3.3
G0962,4.6.6,4.7,3.8,4.12,3.5,2.5.6,3.7,3.3
G0963,4.6.6,4.7,3.8,4.13,3.5,2.5.6,3.7,3.3
G0964,4.6.6,4.7,3.8,4.13,3.5,2.5.6,3.8,3.3
G0965,4.6.6,4.7,3.8,4.5,3.5,2.5.6,3.7,3.3
G0966,4.6.6,4.7,3.8,4.5,3.5,2.5.6,3.8,3.3
G0967,4.6.6,4.7,3.8.3,4.12,3,2.4,3.7,3.3
G0968,4.6.6,4.7,3.8.3,4.12,3,2.5.2,3.7,3.3
G0969,4.6.6,4.7,3.8.3,4.12,3.4,2.5.4,3.7,3.3
G0970,4.6.6,4.7,3.8.3,4.13,3.5,2.4,3.7,3.3
G0971,4.6.6,4.7,3.8.3,4.5,3.5,2.5.6,3.8,3.3
G0972,4.6.6,4.6.10,3,4.12,3.2,2.5.6,3.7,3.3
G0973,4.6.6,4.6.10,3,4.13,3.5,2.5.6,3.7,3.3
G0974,4.6.6,4.6.10,3,4.4,3.2,2.5.2,3.7,3.3
G0975,4.6.6,4.6.10,3,4.4,3.2,2.5.3,3.7,3.3
G0976,4.6.6,4.6.10,3.6,4.13,3.4,2.5.6,3.7,3.3
G0977,4.6.6,4.6.10,3.6,4.13,3.5,2.5.6,3.7,3.3
G0978,4.6.6,4.6.10,3.6,4.4,3.5,2.5.2,3.7,3.3
G0979,4.6.6,4.6.5,3,4,3.3,2.5.4,3.6,3.4
G0980,4.6.6,4.6.8,3,4,3.3,2.5.2,3.7,3.3
G0981,4.6.6,4.6.8,3,4.6,3.4,2.5,3.7,3.3
G0982,4.6.6,4.6.8,3,4.6,3.5,2.5,3,3.3
G0983,4.6.6,4.6.8,3.6,4,3,2.5.2,3,3.3
G0984,4.6.6,4.6.8,3.8,4.6,3,2.5.5,3.7,3.3
G0985,4.6.6,4.6.9,3.6,4,3.3,2.5.4,3,3.4
G0986,4.6.6,4.7.10,3,4.5,3.5,2.5.6,3.8,3.3
G0987,4.6.6,4.7.10,3.8,4.5,3.5,2.5.6,3.8,3.3
G0988,4.6.6,4.7.12,3.4,4,3.3,2.5.3,3.7,3.3
G0989,4.6.6,4.7.12,3.4,4,3.3,2.5.6,3.7,3.3
G0990,4.6.6,4.7.12,3.4,4,3.5,2.5.6,3.8,3.3
G0991,4.6.6,4.7.12,3.4,4.12,3.3,2.5.6,3.8,3.3
G0992,4.6.6,4.7.12,3.4,4.12,3.3,2.5.6,3.9,3.3
G0993,4.6.6,4.7.13,3.6,4.12,3.5,2.5.6,3.7,3.3
G0994,4.6.6,4.7.13,3.6,4.13,3.5,2.5.6,3.7,3.3
G0995,4.6.6,4.7.13,3.6,4.5,3.5,2.5.6,3.7,3.3
G0996,4.6.6,4.7.13,3.7,4.12,3.5,2.5.6,3.7,3.3
G0997,4.6.6,4.7.14,3.6,4.8,3.5,2.5.6,3.7,3.3
G0998,4.6.6,4.7.16,3.6,4.12,3.5,2.5.6,3.7,3.3
G0999,4.6.6,4.7.5,3.3,4.12,3.4,2.5.2,3.7,3.3
G1000,4.6.6,4.7.5,3.6,4.12,3.3,2.5.6,3.8,3.3
G1001,4.6.6,4.7.5,3.6,4.8,3.4,2.5.2,3.8,3.3
G1002,4.6.6,4.7.5,3.7,4.12,3.5,2.5.6,3.7,3.3
G1003,4.6.6,4.7.5,3.8,4.11,3,2.4,3.7,3.3
G1004,4.6.6,4.7.5,3.8,4.4,3,2.4,3.7,3.3
G1005,4.6.6,4.7.5,3.8,4.4,3,2.5.2,3.7,3.3
G1006,4.6.6,4.7.5,3.8,4.4,3.4,2.4,3.7,3.3
G1007,4.6.6,4.7.5,3.8,4.5,3.5,2.5.6,3.7,3.3
G1008,4.6.6,4.7.5,3.8.1,4.14,3.5,2.5.6,3.8,3.3
G1009,4.6.6,4.7.5,3.8.3,4.11,3.4,2.4,3.7,3.3
G1010,4.6.6,4.7.5,3.8.3,4.5,3.5,2.5.6,3.8,3.3
G1011,4.6.6,4.7.6,3,4.13,3.5,2.5.6,3.7,3.3
G1012,4.6.6,4.7.6,3.6,4.12,3.5,2.4,3.7,3.3
G1013,4.6.6,4.7.6,3.6,4.12,3.5,2.5.5,3.7,3.3
G1014,4.6.6,4.7.6,3.6,4.12,3.5,2.5.6,3.7,3.3
G1015,4.6.6,4.7.6,3.6,4.5,3.5,2.5.6,3.7,3.3
G1016,4.6.6,4.7.6,3.6,4.5,3.5,2.5.6,3.8,3.3
G1017,4.6.6,4.7.6,3.6,4.6,3.5,2.4,3.7,3.3
G1018,4.6.6,4.7.6,3.6,4.7,3.5,2.5.6,3.7,3.3
G1019,4.6.6,4.7.6,3.7,4.13,3.5,2.5.5,3.7,3.3
G1020,4.6.6,4.7.6,3.7,4.13,3.5,2.5.6,3.7,3.3
G1021,4.6.6,4.7.6,3.8,4.12,3.5,2.5.6,3.7,3.3
G1022,4.6.6,4.7.6,3.8,4.13,3.4,2.5.5,3.7,3.3
G1023,4.6.6,4.7.6,3.8,4.13,3.5,2.5.6,3.8,3.3
G1024,4.6.6,4.7.6,3.8,4.5,3.5,2.4,3.7,3.3
G1025,4.6.6,4.7.6,3.8,4.5,3.5,2.5.6,3.7,3.3
G1026,4.6.6,4.7.6,3.8,4.5,3.5,2.5.6,3.8,3.3
G1027,4.6.6,4.7.6,3.8.3,4.12,3,2.4,3.7,3.3
G1028,4.6.6,4.7.6,3.8.3,4.12,3,2.5.2,3.7,3.3
G1029,4.6.6,4.7.6,3.8.3,4.12,3.5,2.4,3.7,3.3
G1030,4.6.6,4.7.6,3.8.3,4.12,3.5,2.5.6,3.7,3.3
G1031,4.6.6,4.7.7,3,4,3.3,2.5.4,3.8,3.3
G1032,4.6.6,4.7.7,3,4,3.5,2.5.3,3.8,3.3
G1033,4.6.6,4.7.7,3.4,4,3.1,2.5.3,3.9,3.3
G1034,4.6.6,4.7.7,3.4,4,3.3,2.5.3,3.9,3.3
G1035,4.6.6,4.7.7,3.4,4.12,3.3,2.5.3,3.9,3.4
G1036,4.6.6,4.7.7,3.4,4.12,3.3,2.5.4,3.1,3.3
G1037,4.6.6,4.7.7,3.4,4.12,3.3,2.5.4,3.7,3.3
G1038,4.6.6,4.7.7,3.8.3,4,3.5,2.5.2,3.8,3.3
G1039,4.6.6,4.7.9,3.7,4.5,3.5,2.5.6,3.8,3.3
G1040,4.6.7,4,3.3,4,3,2.4,3.7,3.3
G1041,4.6.7,4.3,3.1,4,3,2.4,3.7,3.4
G1042,4.6.7,4.5,3,4,3,2.5,3,3.3
G1043,4.6.7,4.5,3,4,3.2,2.4,3.7,3.3
G1044,4.6.7,4.5,3.3,4,3,2.4,3.7,3.3
G1045,4.6.7,4.5,3.3,4,3,2.4,3.7,3.4
G1046,4.6.7,4.5,3.3,4,3,2.5,3,3.3
G1047,4.6.7,4.5,3.3,4,3.2,2.4,1,3.3
G1048,4.6.7,4.5,3.3,4,3.2,2.4,3.7,3.3
G1049,4.6.7,4.5,3.3,4,3.2,2.4,3.7,3.4
G1050,4.6.7,4.5,3.3,4.1,3,2.5,3,3.3
G1051,4.6.7,4.6,3,4,3,2.5,3,3.4
G1052,4.6.7,4.6,3,4,3,2.5,3.6,3.4
G1053,4.6.7,4.6,3.3,4,3,2.5,3,3.3
G1054,4.6.7,4.6,3.3,4.1,3,2.4,3,3.3
G1055,4.6.7,4.7,3,4,3.2,2.4,3.6,3.3
G1056,4.6.7,4.7,3.2,4.9,3.2,2.4,3,3.3
G1057,4.6.7,4.7,3.3,4,3,2.4,3.7,3.3
G1058,4.6.7,4.6.4,3.2,4,3.2,2.4,3.7,3.3
G1059,4.6.7,4.6.6,3,4,3,2.4,3.7,3.3
G1060,4.6.7,4.6.6,3,4,3,2.5,3,3.3
G1061,4.6.7,4.6.6,3,4,3,2.5,3,3.4
G1062,4.6.7,4.6.6,3,4,3,2.5,3.7,3.4
G1063,4.6.7,4.6.7,3.3,4,3.2,2.5.4,3.7,3.3
G1064,4.6.7,4.7.1,3,4,3,2.5,3.6,3.4
G1065,4.6.7,4.7.2,3,4.9,3.2,2.4,3,3.3
G1066,4.6.7,4.7.2,3,4.9,3.2,2.4,3.7,3.3
G1067,4.6.7,4.7.2,3.3,4,3.2,2.4,3.7,3.3
G1068,4.6.7,4.7.3,3.3,4,3.2,2.4,3.7,3.3
G1069,4.6.8,4.7,3.3,4,3,2.5.4,3.7,3.3
G1070,4.6.8,4.7,3.8,4.13,3.4,2.5.5,3.7,3.3
G1071,4.6.9,4.7,2,4.12,3.4,2.5.2,3.7,3.3
G1072,4.6.9,4.7,3,4,3.4,2,3.7,3.3
G1073,4.6.9,4.7,3.3,4,3,2.4,3,3.3
G1074,4.6.9,4.7,3.3,4,3.2,2.4,3.7,3.3
G1075,4.6.9,4.7,3.8,4,3.4,2.4,3.7,3.3
G1076,4.6.9,4.7,3.8,4,3.4,2.5.5,3.7,3.3
G1077,4.6.9,4.7,3.8,4,3.4,2.5.5,3.8,3.3
G1078,4.6.9,4.7,3.8,4,3.4,2.5.6,3.7,3.3
G1079,4.6.9,4.7,3.8,4.11,3.4,2.5.6,3.7,3.3
G1080,4.6.9,4.7,3.8,4.12,3.4,2.5.5,3.7,3.3
G1081,4.6.9,4.7,3.8,4.13,3.3,2.4,3.7,3.3
G1082,4.6.9,4.7,3.8,4.13,3.4,2.4,3.7,3.3
G1083,4.6.9,4.7,3.8,4.13,3.4,2.5.5,3.7,3.3
G1084,4.6.9,4.7,3.8,4.6,3.4,2.5.5,3.7,3.3
G1085,4.6.9,4.7,3.8.1,4.12,3.4,2.5,3.7,3.3
G1086,4.6.9,4.7,3.8.1,4.13,3.4,2.5,3.7,3.3
G1087,4.6.9,4.7,3.8.1,4.13,3.4,2.5.5,3.7,3.3
G1088,4.6.9,4.7,3.8.1,4.6,3.4,2.5.5,3.7,3.3
G1089,4.6.9,4.7,3.8.3,4,3.5,2.4,3.7,3.3
G1090,4.6.9,4.7,3.8.3,4.11,3.4,2.4,3.7,3.3
G1091,4.6.9,4.7,3.8.3,4.13,3.4,2.4,3.7,3.3
G1092,4.6.9,4.7,3.8.3,4.13,3.4,2.5.5,3.7,3.3
G1093,4.6.9,4.6.3,3,4,3.5,2.5,3.7,3.4
G1094,4.6.9,4.7.4,3.3,4,3.4,2.4,3.7,3.3
G1095,4.6.9,4.7.4,3.3,4.14,3.4,2.4,3.7,3.3
G1096,4.6.9,4.7.5,3.8,4.13,3.4,2.4,3.7,3.3
G1097,4.6.9,4.7.5,3.8,4.5,3,2.5.5,3.8,3.3
